{
  "completed_requests": 10240,
  "decode_gpus_per_worker": 1,
  "decode_worker_seconds": 0.039554546000000294,
  "duration_ms": 19.777272999999987,
  "first_admission_prefix_cache_reused_ratio": 0.0,
  "gpu_hours": 4.3949495555555665e-05,
  "input_throughput_tok_s": 248527691.3556284,
  "max_e2e_latency_ms": 2.1225340000000035,
  "max_itl_ms": 0.0,
  "max_output_token_throughput_per_user": 0.0,
  "max_tpot_ms": 0.0,
  "max_ttft_ms": 2.1225340000000035,
  "max_ttst_ms": 0.0,
  "mean_e2e_latency_ms": 1.8828405319335946,
  "mean_itl_ms": 0.0,
  "mean_output_token_throughput_per_user": 0.0,
  "mean_tpot_ms": 0.0,
  "mean_ttft_ms": 1.8828405319335946,
  "mean_ttst_ms": 0.0,
  "median_e2e_latency_ms": 1.9741219999999942,
  "median_itl_ms": 0.0,
  "median_output_token_throughput_per_user": 0.0,
  "median_tpot_ms": 0.0,
  "median_ttft_ms": 1.9741219999999942,
  "median_ttst_ms": 0.0,
  "min_e2e_latency_ms": 0.055077999999999995,
  "min_itl_ms": 0.0,
  "min_output_token_throughput_per_user": 0.0,
  "min_tpot_ms": 0.0,
  "min_ttft_ms": 0.055077999999999995,
  "min_ttst_ms": 0.0,
  "num_requests": 10240,
  "output_throughput_tok_s": 517766.0236575592,
  "p75_e2e_latency_ms": 2.017756999999989,
  "p75_itl_ms": 0.0,
  "p75_output_token_throughput_per_user": 0.0,
  "p75_tpot_ms": 0.0,
  "p75_ttft_ms": 2.017756999999989,
  "p75_ttst_ms": 0.0,
  "p90_e2e_latency_ms": 2.023714000000016,
  "p90_itl_ms": 0.0,
  "p90_output_token_throughput_per_user": 0.0,
  "p90_tpot_ms": 0.0,
  "p90_ttft_ms": 2.023714000000016,
  "p90_ttst_ms": 0.0,
  "p95_e2e_latency_ms": 2.0297120000000017,
  "p95_itl_ms": 0.0,
  "p95_output_token_throughput_per_user": 0.0,
  "p95_tpot_ms": 0.0,
  "p95_ttft_ms": 2.0297120000000017,
  "p95_ttst_ms": 0.0,
  "p99_e2e_latency_ms": 2.073013000000021,
  "p99_itl_ms": 0.0,
  "p99_output_token_throughput_per_user": 0.0,
  "p99_tpot_ms": 0.0,
  "p99_ttft_ms": 2.073013000000021,
  "p99_ttst_ms": 0.0,
  "prefill_gpus_per_worker": 1,
  "prefill_worker_seconds": 0.11866363800000011,
  "prefix_cache_reused_ratio": 0.0,
  "processed_output_tokens_per_s": 746.5259763578332,
  "processed_tokens": 4925440,
  "processed_tokens_per_s": 359078.9946281178,
  "request_throughput_rps": 517766.0236575592,
  "std_e2e_latency_ms": 0.3457182628651109,
  "std_itl_ms": 0.0,
  "std_output_token_throughput_per_user": 0.0,
  "std_tpot_ms": 0.0,
  "std_ttft_ms": 0.3457182628651109,
  "std_ttst_ms": 0.0,
  "total_input_tokens": 4915200,
  "total_output_tokens": 10240,
  "total_throughput_tok_s": 249045457.37928596,
  "wall_time_ms": 13716.870309000002
}
