{
  "completed_requests": 10240,
  "decode_gpus_per_worker": 1,
  "decode_worker_seconds": 0.03955183800000011,
  "duration_ms": 19.775918999999995,
  "first_admission_prefix_cache_reused_ratio": 0.0,
  "gpu_hours": 4.394648666666678e-05,
  "input_throughput_tok_s": 248544707.3281399,
  "max_e2e_latency_ms": 2.122436000000002,
  "max_itl_ms": 0.0,
  "max_output_token_throughput_per_user": 0.0,
  "max_tpot_ms": 0.0,
  "max_ttft_ms": 2.122436000000002,
  "max_ttst_ms": 0.0,
  "mean_e2e_latency_ms": 1.8828271716796983,
  "mean_itl_ms": 0.0,
  "mean_output_token_throughput_per_user": 0.0,
  "mean_tpot_ms": 0.0,
  "mean_ttft_ms": 1.8828271716796983,
  "mean_ttst_ms": 0.0,
  "median_e2e_latency_ms": 1.974153000000003,
  "median_itl_ms": 0.0,
  "median_output_token_throughput_per_user": 0.0,
  "median_tpot_ms": 0.0,
  "median_ttft_ms": 1.974153000000003,
  "median_ttst_ms": 0.0,
  "min_e2e_latency_ms": 0.055057999999999996,
  "min_itl_ms": 0.0,
  "min_output_token_throughput_per_user": 0.0,
  "min_tpot_ms": 0.0,
  "min_ttft_ms": 0.055057999999999996,
  "min_ttst_ms": 0.0,
  "num_requests": 10240,
  "output_throughput_tok_s": 517801.4736002915,
  "p75_e2e_latency_ms": 2.0176800000000004,
  "p75_itl_ms": 0.0,
  "p75_output_token_throughput_per_user": 0.0,
  "p75_tpot_ms": 0.0,
  "p75_ttft_ms": 2.0176800000000004,
  "p75_ttst_ms": 0.0,
  "p90_e2e_latency_ms": 2.023582000000001,
  "p90_itl_ms": 0.0,
  "p90_output_token_throughput_per_user": 0.0,
  "p90_tpot_ms": 0.0,
  "p90_ttft_ms": 2.023582000000001,
  "p90_ttst_ms": 0.0,
  "p95_e2e_latency_ms": 2.029673999999998,
  "p95_itl_ms": 0.0,
  "p95_output_token_throughput_per_user": 0.0,
  "p95_tpot_ms": 0.0,
  "p95_ttft_ms": 2.029673999999998,
  "p95_ttst_ms": 0.0,
  "p99_e2e_latency_ms": 2.0729490000000013,
  "p99_itl_ms": 0.0,
  "p99_output_token_throughput_per_user": 0.0,
  "p99_tpot_ms": 0.0,
  "p99_ttft_ms": 2.0729490000000013,
  "p99_ttst_ms": 0.0,
  "prefill_gpus_per_worker": 1,
  "prefill_worker_seconds": 0.11865551400000031,
  "prefix_cache_reused_ratio": 0.0,
  "processed_output_tokens_per_s": 745.7844372454734,
  "processed_tokens": 4925440,
  "processed_tokens_per_s": 358722.3143150728,
  "request_throughput_rps": 517801.4736002915,
  "std_e2e_latency_ms": 0.3456333467410042,
  "std_itl_ms": 0.0,
  "std_output_token_throughput_per_user": 0.0,
  "std_tpot_ms": 0.0,
  "std_ttft_ms": 0.3456333467410042,
  "std_ttst_ms": 0.0,
  "total_input_tokens": 4915200,
  "total_output_tokens": 10240,
  "total_throughput_tok_s": 249062508.8017402,
  "wall_time_ms": 13730.509097
}
