{
  "completed_requests": 10240,
  "decode_gpus_per_worker": 1,
  "decode_worker_seconds": 0.011131372000000007,
  "duration_ms": 5.565686000000001,
  "first_admission_prefix_cache_reused_ratio": 0.7195833333333334,
  "gpu_hours": 1.2368191111111119e-05,
  "input_throughput_tok_s": 883125638.0615075,
  "max_e2e_latency_ms": 0.85156,
  "max_itl_ms": 0.0,
  "max_output_token_throughput_per_user": 0.0,
  "max_tpot_ms": 0.0,
  "max_ttft_ms": 0.85156,
  "max_ttst_ms": 0.0,
  "mean_e2e_latency_ms": 0.5316902047851585,
  "mean_itl_ms": 0.0,
  "mean_output_token_throughput_per_user": 0.0,
  "mean_tpot_ms": 0.0,
  "mean_ttft_ms": 0.5316902047851585,
  "mean_ttst_ms": 0.0,
  "median_e2e_latency_ms": 0.5425929999999992,
  "median_itl_ms": 0.0,
  "median_output_token_throughput_per_user": 0.0,
  "median_tpot_ms": 0.0,
  "median_ttft_ms": 0.5425929999999992,
  "median_ttst_ms": 0.0,
  "min_e2e_latency_ms": 0.055068,
  "min_itl_ms": 0.0,
  "min_output_token_throughput_per_user": 0.0,
  "min_tpot_ms": 0.0,
  "min_ttft_ms": 0.055068,
  "min_ttst_ms": 0.0,
  "num_requests": 10240,
  "output_throughput_tok_s": 1839845.079294807,
  "p75_e2e_latency_ms": 0.543159,
  "p75_itl_ms": 0.0,
  "p75_output_token_throughput_per_user": 0.0,
  "p75_tpot_ms": 0.0,
  "p75_ttft_ms": 0.543159,
  "p75_ttst_ms": 0.0,
  "p90_e2e_latency_ms": 0.549748000000001,
  "p90_itl_ms": 0.0,
  "p90_output_token_throughput_per_user": 0.0,
  "p90_tpot_ms": 0.0,
  "p90_ttft_ms": 0.549748000000001,
  "p90_ttst_ms": 0.0,
  "p95_e2e_latency_ms": 0.64232,
  "p95_itl_ms": 0.0,
  "p95_output_token_throughput_per_user": 0.0,
  "p95_tpot_ms": 0.0,
  "p95_ttft_ms": 0.64232,
  "p95_ttst_ms": 0.0,
  "p99_e2e_latency_ms": 0.784016,
  "p99_itl_ms": 0.0,
  "p99_output_token_throughput_per_user": 0.0,
  "p99_tpot_ms": 0.0,
  "p99_ttft_ms": 0.784016,
  "p99_ttst_ms": 0.0,
  "prefill_gpus_per_worker": 1,
  "prefill_worker_seconds": 0.03339411600000002,
  "prefix_cache_reused_ratio": 0.7195833333333334,
  "processed_output_tokens_per_s": 520.1333422633794,
  "processed_tokens": 4925440,
  "processed_tokens_per_s": 250184.1376286855,
  "request_throughput_rps": 1839845.079294807,
  "std_e2e_latency_ms": 0.07497895178951756,
  "std_itl_ms": 0.0,
  "std_output_token_throughput_per_user": 0.0,
  "std_tpot_ms": 0.0,
  "std_ttft_ms": 0.07497895178951756,
  "std_ttst_ms": 0.0,
  "total_input_tokens": 4915200,
  "total_output_tokens": 10240,
  "total_throughput_tok_s": 884965483.1408023,
  "wall_time_ms": 19687.259339
}
